[
    {
        "date": "2025-06-01",
        "city": "Cary, NC",
        "delivery": true,
        "entrees": [{ "name": "Red 40 Burger", "quantity": 1 }],
        "drinks": [{ "name": "Red 40 Smoothie", "quantity": 1 }],
        "desserts": [{ "name": "Red 40 Cake", "quantity": 1 }],
        "total": 44.00
    },
    {
        "date": "2025-06-02",
        "city": "Tampa, FL",
        "delivery": false,
        "entrees": [{ "name": "Red 40 Sub", "quantity": 1 }],
        "drinks": [{ "name": "Red 40 Protein Shake", "quantity": 2 }],
        "desserts": [],
        "total": 20.00
    },
    {
        "date": "2025-06-03",
        "city": "Springfield, OR",
        "delivery": true,
        "entrees": [{ "name": "Red 40 Taco", "quantity": 3 }],
        "drinks": [],
        "desserts": [{ "name": "Red 40 Pie", "quantity": 1 }],
        "total": 33.50
    },
    {
        "date": "2025-06-04",
        "city": "Cary, NC",
        "delivery": false,
        "entrees": [{ "name": "Red 40 Nacho Fries", "quantity": 2 }],
        "drinks": [{ "name": "Red 40 Slopper", "quantity": 1 }],
        "desserts": [],
        "total": 18.00
    },
    {
        "date": "2025-06-05",
        "city": "Tampa, FL",
        "delivery": true,
        "entrees": [{ "name": "Red 40 Burger", "quantity": 2 }],
        "drinks": [{ "name": "Red 40 Smoothie", "quantity": 1 }],
        "desserts": [{ "name": "Red 40 Cake", "quantity": 1 }],
        "total": 59.00
    },
    {
        "date": "2025-06-06",
        "city": "Springfield, OR",
        "delivery": false,
        "entrees": [{ "name": "Red 40 Sub", "quantity": 1 }],
        "drinks": [{ "name": "Red 40 Protein Shake", "quantity": 1 }],
        "desserts": [{ "name": "Red 40 Pie", "quantity": 1 }],
        "total": 36.00
    },
    {
        "date": "2025-06-07",
        "city": "Cary, NC",
        "delivery": false,
        "entrees": [{ "name": "Red 40 Taco", "quantity": 1 }],
        "drinks": [{ "name": "Red 40 Slopper", "quantity": 1 }],
        "desserts": [{ "name": "Red 40 Cake", "quantity": 1 }],
        "total": 31.50
    },
    {
        "date": "2025-06-08",
        "city": "Tampa, FL",
        "delivery": true,
        "entrees": [{ "name": "Red 40 Nacho Fries", "quantity": 2 }],
        "drinks": [],
        "desserts": [{ "name": "Red 40 Pie", "quantity": 1 }],
        "total": 26.00
    },
    {
        "date": "2025-06-09",
        "city": "Springfield, OR",
        "delivery": false,
        "entrees": [{ "name": "Red 40 Burger", "quantity": 1 }],
        "drinks": [],
        "desserts": [],
        "total": 23.00
    },
    {
        "date": "2025-06-10",
        "city": "Cary, NC",
        "delivery": true,
        "entrees": [{ "name": "Red 40 Sub", "quantity": 2 }],
        "drinks": [{ "name": "Red 40 Protein Shake", "quantity": 1 }],
        "desserts": [],
        "total": 28.00
    }
]
