[
  {
    "name": "Kaydawg",
    "city": "Springfield",
    "rating": 5,
    "title": "Tastiest Red 40 Around!",
    "comment": "Dawg ts so fye i be comin back on da daily hookin up my hood wit it frfr and i put dat on Jah"
  },
  {
    "name": "President Obama",
    "city": "Cary",
    "rating": 5,
    "title": "Loved the Slopper!",
    "comment": "If I must say so myself, this is perhaps the finest establishment known to man."
  },
  {
    "name": "President Trump",
    "city": "Tampa",
    "rating": 1,
    "title": "Failed Bigly!",
    "comment": "Quite frankly, this meal was disgusting, and the employees were rather crooked. 100,000,000% tariffs on Red 40 from all countries!"
  },
  {
    "name": "Ryan Cho",
    "city": "Cary",
    "rating": 5,
    "title": "The Slopper Was Amazing!",
    "comment": "This was a fantastic establishment with only the utmost quality Red 40 cuisine imaginable. I will be coming back many times per day for my 10 daily meals, as I attempt to even try to attempt to reach this level of quality with my own products!"
  },
  {
    "name": "President Biden",
    "city": "Cary",
    "rating": 3,
    "title": "So Fast!",
    "comment": "Uhm, hello, hello, oh, it's on. Hey, this is some good, uhhh, what was I doing?"
  },
  {
    "name": "John Fortnite",
    "city": "Springfield",
    "rating": 5,
    "title": "Fornit",
    "comment": "i luv fornit"
  },
  {
    "name": "Johnny Test",
    "city": "Cary",
    "rating": 5,
    "title": "Favorite",
    "comment": "So yum"
  },
  {
    "name": "Samantha",
    "city": "Springfield",
    "rating": 4,
    "title": "Pimazinga!!!",
    "comment": "That pie was so amazing! Bazinga!"
  },
  {
    "name": "Frederick",
    "city": "Cary",
    "rating": 2,
    "title": "Not For Me...",
    "comment": "This restaurant, if you can even call it by such an esteemed title, had nothing to offer but red, artificial, carcinogenic abominations! If you enjoy such slop, this establishment may be for you! As for me, I shall resort back to greener pastures, e.g., Burger King."
  },
  {
    "name": "Carl from Carl's Jr.",
    "city": "Cary",
    "rating": 5,
    "title": "Better Than Mine!",
    "comment": "So much better than my own restaurant! Please never eat at Carl's Jr. again!!!"
  }
]